{
  "UserAgent": "MobileHub/1.0",
  "Version": "1.0",
  "CredentialsProvider": {
    "CognitoIdentity": {
      "Default": {
        "PoolId": "us-east-1:b0821cf0-7427-40bc-a691-32ce603853bf",
        "Region": "us-east-1"
      }
    }
  },
  "IdentityManager": {
    "Default": {}
  },
  "CognitoUserPool": {
    "Default": {
      "PoolId": "us-east-1_OYa3tk61h",
      "AppClientId": "73utalogdfbfl2qo9ll0ibpgdd",
      "AppClientSecret": "13i1jtdr51uao95rp34h1pfehlv8r58c4vevrup5j7feitdc54ne",
      "Region": "us-east-1"
    }
  },
  "S3TransferUtility": {
    "Default": {
      "Bucket": "terpattendance-userfiles-mobilehub-61535348",
      "Region": "us-east-1"
    }
  },
  "PinpointAnalytics": {
    "Default": {
      "AppId": "2315423ba6024d978ff51504ee443825",
      "Region": "us-east-1"
    }
  },
  "PinpointTargeting": {
    "Default": {
      "Region": "us-east-1"
    }
  },
  "UserFileManager": {
    "Default": {
      "Bucket": "terpattendance-userfiles-mobilehub-61535348",
      "Region": "us-east-1"
    }
  }
}
